{"AS":[-14.305711987770538,-170.7007316174498],"UM":[19.302045812215958,166.63800339749642],"CK":[-21.222613253399842,-159.78768870952257],"PF":[-17.674684080120677,-149.40041671099763],"NU":[-19.05230921680393,-169.86878106699083],"PN":[-24.366121747565458,-128.3149848627581],"WS":[-13.634252953274622,-172.44107655740137],"TK":[-9.195174767256544,-171.85265950722743],"TO":[-21.15927212823853,-175.20415878511247],"WF":[-14.283442307826677,-178.12735555777184],"SV":[13.758041517055418,-88.85911489238985],"GT":[15.820878515352684,-90.31219349119617],"MX":[23.87436068093592,-101.55399731630118],"CA":[57.550480044655636,-98.41680517868062],"AR":[-35.697270518120085,-64.53238503843076],"FK":[-51.75901312766726,-58.746646363799854],"CL":[-37.82938283049967,-70.76863431739216],"EC":[-1.5642721388853116,-78.4630326109714],"PE":[-8.522717984240291,-74.11416196781884],"BO":[-16.7312488393574,-64.45209597511206],"BR":[-11.524630416426652,-54.355206608256424],"PY":[-23.42190559259428,-58.38906357428651],"UY":[-32.78195043831093,-56.01919523458085],"GS":[-54.37666443862139,-36.77509575898928],"AQ":[-77.16987521415838,-177.56451613408842],"FJ":[-17.822470952336204,177.98144613732626],"SH":[-15.962963318340398,-5.717391620813109],"AI":[18.222874004219086,-63.06008343771806],"AG":[17.07146759372967,-61.78530823226373],"AW":[12.515625722992898,-69.97564014284046],"BS":[24.72162633646784,-78.07275370060313],"BB":[13.183219369337529,-59.557383949150285],"BZ":[17.24252476647155,-88.68273510023441],"BM":[32.315067430740726,-64.7458500599169],"BQ":[17.4919042294197,-62.978230589445026],"VG":[18.42195819619707,-64.62406519257699],"KY":[19.311231805620288,-81.25203208977878],"CO":[4.187753877352739,-72.6445066243485],"CR":[9.863467407406214,-84.14673625701816],"CU":[21.476176522869448,-79.69817857618705],"CW":[12.199996647939832,-68.96939768599042],"DM":[15.429269860940513,-61.360471946942994],"DO":[18.77954818522993,-70.43495198520012],"GF":[3.857429742497078,-53.32232307156624],"GD":[12.112926656338907,-61.67937937204098],"GP":[16.24420002705553,-61.54382262282755],"GY":[4.68211981385056,-58.91352612754667],"HT":[18.883520486983567,-72.89291379842],"HN":[14.740370695750006,-86.49251679006962],"JM":[18.12207889341651,-77.30358894542778],"MQ":[14.642697353597645,-61.01432380875083],"MS":[16.735363391460357,-62.18693281256255],"NI":[12.893566631930554,-85.016088327669],"PA":[8.439536749576892,-80.14428761482796],"PR":[18.216224086610914,-66.49425339593509],"BL":[17.90561691241738,-62.83051610005156],"KN":[17.314736299587768,-62.74560385895787],"LC":[13.895749185129906,-60.9689510935251],"MF":[18.078012113224464,-63.06678525361946],"PM":[46.95153913615198,-56.32465353437558],"VC":[13.254808122970651,-61.193766354393034],"SX":[18.03942608463078,-63.06883135915303],"SR":[4.098723595920171,-55.855514311561286],"TT":[10.415515638298093,-61.37236579976247],"TC":[21.799865427483745,-71.74058946811508],"VI":[17.738009708772523,-64.76155341409797],"VE":[7.148324760507107,-66.36492135985132],"BF":[12.108709036312737,-1.6932816211842325],"CV":[15.076411518651643,-23.63401005900474],"CI":[7.536779279421307,-5.571710194917734],"GM":[13.428617959189328,-15.383380385869662],"GH":[7.94530467243628,-1.219233362526581],"GI":[36.14022671336082,-5.345549484594358],"GN":[10.255986541378112,-10.986948848040218],"GW":[11.980075324820504,-14.980186756910847],"LR":[6.52012979398834,-9.258988935497618],"ML":[17.168146208584837,-4.346399841781153],"MR":[20.466731212820022,-10.495079045035716],"MA":[28.687598134979325,-8.817212587250811],"PT":[39.67529214702138,-7.933662183874006],"SN":[14.228861491763402,-14.610875368352305],"SL":[8.561330384750587,-11.78656695731115],"GL":[74.16847218965994,-42.07567788066985],"GG":[49.45870771378872,-2.576392582891568],"IE":[53.30489539816495,-8.241128545554096],"IM":[54.22855301008011,-4.532995055468449],"JE":[49.215396925724306,-2.1291601162653575],"GB":[53.97844735080214,-2.852943909329258],"IS":[65.12360920205514,-19.05682967106099],"FO":[62.130896281495346,-6.9811060913122835],"SJ":[78.57318936469626,16.036378851505283],"BV":[-54.42316679395248,3.411969465057627],"NZ":[-43.82765432544426,170.69035541428696],"AO":[-12.167424062667942,17.651768783079],"BW":[-22.236609002062902,23.85779956995608],"BI":[-3.261251993278643,29.88518227845293],"KM":[-11.658861474508491,43.34826587429403],"CG":[-0.7294391595233845,14.879732849491393],"CD":[-3.338629596207896,23.419827574282188],"GA":[-0.628448459921234,11.839410898545754],"KE":[0.6899182318376179,37.95309411262371],"LS":[-29.60168116924817,28.24475317864227],"MW":[-13.128986464184024,34.23441182298881],"TF":[-11.566224871643417,47.290948081543384],"MZ":[-17.525230309488748,35.208577031290176],"NA":[-21.90858163281473,18.16451345845268],"RW":[-2.014687460047154,29.919439681764082],"ST":[0.22744704294793774,6.606158796857607],"ZA":[-28.55361930679731,24.75252746489084],"SZ":[-26.562540935608702,31.510685746082007],"TZ":[-6.355794440041147,34.81832206060381],"ZM":[-13.162832953186246,27.75521363430896],"ZW":[-18.92700121981475,29.717829640720844],"IO":[-7.323548444385743,72.43501618476016],"HM":[-53.084170035513736,73.49298560844045],"MG":[-19.04163612493041,46.68493466832544],"MU":[-20.28142317475198,57.56415671066546],"YT":[-12.824468416301052,45.128142327031064],"RE":[-21.119825460665105,55.54393506194689],"SC":[-4.660002318822744,55.47250789595527],"DZ":[28.350969744889056,2.6558464719769135],"BJ":[9.503013199615893,2.305714528830206],"CM":[6.294168487480992,12.948474142398263],"CF":[6.331390033944319,20.520743419397256],"TD":[15.283493546654503,18.427113900363025],"GQ":[1.5954643936590733,10.425456672353823],"KI":[1.8676673749241066,-157.39024189323504],"LY":[27.202915771690794,17.91133392454237],"MT":[35.890522650899314,14.441922442508494],"NE":[17.08105392407292,8.86863247002646],"NG":[9.61029352034213,8.147714845256194],"TG":[8.660743037717811,0.8990857571109684],"TN":[34.08636179565723,9.65587551697984],"CY":[35.11700416345239,33.375346009199205],"DJ":[11.750235727618804,42.613496898789506],"EG":[26.60517034450628,30.240135435012338],"ER":[15.005533147667684,39.2672401449901],"ET":[8.729389557048396,39.914902886544276],"GR":[39.42012261727978,23.110368936161876],"IQ":[33.105075667527906,43.832529181056884],"IL":[31.513542220043195,35.027923472437024],"JO":[31.387064884449156,36.95728884547246],"LB":[33.91160170722086,35.89651946324749],"PS":[31.930818736453883,35.24251184154588],"SS":[7.657782041763295,30.3851856901788],"SD":[15.67060230984256,29.951458283594064],"SY":[35.09751106058316,38.5117323139514],"TR":[38.93207363123396,35.56886764076691],"UG":[1.2821729218416205,32.34371768463123],"AD":[42.54859834854764,1.5802243611232873],"US":[38.8208089190304,-96.33161660829639],"FR":[46.6423682169416,2.1940236627886227],"LI":[47.14627562133036,9.547674672376376],"MC":[43.74798224995656,7.412820873271196],"CH":[46.73678128684938,8.286928794895285],"BE":[50.6182138854095,4.675010154696485],"DE":[51.08304539800482,10.426171427430804],"LU":[49.77523454542369,6.103230338458876],"NL":[52.134054128923886,5.554136426128487],"AL":[41.14165894891656,20.061082767269493],"AT":[47.631858269895794,13.797778364631036],"BA":[44.14415356126429,17.83467240787538],"HR":[44.91192100856702,16.625761129583374],"CZ":[49.74917370930982,15.383273292023533],"DK":[56.00118817971057,9.378670542409406],"HU":[47.22527332486294,19.39620048366142],"IT":[42.98201127614267,12.763657166123137],"ME":[42.73694835210454,19.29505087156758],"PL":[52.06848055692473,19.43573279234468],"SM":[43.942820729097896,12.461278349581722],"RS":[44.02679870131969,20.85677444395745],"SK":[48.69808390520484,19.581015362490966],"SI":[46.13759229564504,14.890636899973781],"MK":[41.59402890143112,21.70998923872772],"VA":[41.90402351316735,12.451312917026133],"NO":[64.97775882947745,16.670259272390894],"SE":[62.73420986108448,17.062431988004956],"BY":[53.46791374543163,27.964252054715104],"BG":[42.82043677302438,25.251739122561908],